City,Country,Lat,Lng,Date,Humidity,Cloudiness,Max Temp (Celsius),Wind Speed (km/hr)
Nikolskoye,RU,59.7,30.79,1553719507,63,0,-3.0,2.0
Saint-Philippe,CA,45.36,-73.48,1553719554,35,1,7.78,5.1
Saiha,IN,22.49,92.98,1553719558,91,8,15.45,0.7
Fatehabad,IN,27.03,78.3,1553719558,56,0,19.3,1.1
Talnakh,RU,69.49,88.39,1553719559,93,88,-1.65,8.15
Hermanus,ZA,-34.42,19.24,1553718677,91,48,18.89,0.85
Jashpurnagar,IN,22.88,84.14,1553719559,64,0,14.6,1.8
Kavieng,PG,-2.57,150.8,1553719559,100,12,28.7,3.65
Eureka,US,40.8,-124.16,1553719514,72,40,15.56,6.7
Vao,EE,59.1,26.19,1553719560,81,32,-4.45,2.65
Pisco,PE,-13.71,-76.2,1553716800,30,40,22.0,3.6
Bauchi,NG,10.31,9.85,1553719561,37,0,22.7,2.25
Arraial do Cabo,BR,-22.97,-42.02,1553716800,69,0,28.0,2.6
Novyy Urengoy,RU,66.08,76.63,1553719561,83,44,-2.55,6.3
Cabo San Lucas,MX,22.89,-109.91,1553719214,41,75,31.11,5.1
Lewistown,US,40.39,-90.15,1553719532,39,1,19.44,8.2
Esperance,TT,10.24,-61.45,1553719208,78,40,28.89,4.1
Iqaluit,CA,63.75,-68.52,1553719323,71,75,-15.0,1.5
Pundaguitan,PH,6.37,126.17,1553719563,100,88,25.6,1.15
Rikitea,PF,-23.12,-134.97,1553719563,100,92,23.6,4.45
Rio Tercero,AR,-32.17,-64.11,1553719347,62,24,19.65,5.7
Bluff,AU,-23.58,149.07,1553719564,96,100,21.55,5.25
Tuktoyaktuk,CA,69.44,-133.03,1553717640,92,90,-3.0,8.2
Chokurdakh,RU,70.62,147.9,1553719564,68,12,-26.25,4.45
Ushuaia,AR,-54.81,-68.31,1553716800,50,40,11.0,11.3
Lebu,ET,8.96,38.73,1553719496,83,20,12.9,2.05
Thompson,CA,55.74,-97.86,1553716800,68,90,-3.0,5.7
Baykit,RU,61.68,96.39,1553719565,66,0,-13.85,1.15
Krasnyy Chikoy,RU,50.36,108.75,1553719566,62,76,-10.5,1.05
Butaritari,KI,3.07,172.79,1553719566,98,36,29.2,8.75
Diego de Almagro,CL,-26.39,-70.05,1553719567,65,0,22.9,1.6
Husavik,CA,50.56,-96.99,1553719514,83,36,3.89,5.36
Hithadhoo,MV,-0.6,73.08,1553719508,100,92,25.8,1.6
Kapaa,US,22.08,-159.32,1553719407,69,20,25.0,5.1
Mitsamiouli,KM,-11.38,43.28,1553719568,100,20,27.45,2.85
New Norfolk,AU,-42.78,147.06,1553719039,87,0,11.11,4.6
Bulgan,MN,48.81,103.53,1553719519,59,32,-12.45,2.45
Inuvik,CA,68.36,-133.71,1553718120,97,90,1.0,5.7
Cariati,IT,39.5,16.95,1553719393,94,92,9.44,0.89
Jamestown,AU,-33.21,138.6,1553719481,82,12,5.7,2.0
Aklavik,CA,68.22,-135.01,1553718120,86,90,1.0,5.7
Mehamn,NO,71.03,27.85,1553716200,80,75,3.0,11.8
Port Lincoln,AU,-34.72,135.86,1553719570,100,0,13.15,1.8
Ponta do Sol,BR,-20.63,-46.0,1553719571,52,56,26.95,1.3
Laje,BR,-13.18,-39.42,1553719571,86,80,24.5,3.5
Georgetown,GY,6.8,-58.16,1553716800,66,75,30.0,6.2
Port Macquarie,AU,-31.43,152.91,1553719505,88,75,17.22,1.0
Albany,US,42.65,-73.75,1553719358,17,1,10.0,2.1
Sao Filipe,CV,14.9,-24.5,1553719573,99,0,21.05,5.55
Salzhemmendorf,DE,52.07,9.59,1553719515,71,75,10.0,2.6
Raahe,FI,64.68,24.47,1553719516,86,0,-2.78,2.1
Tura,IN,25.52,90.21,1553719574,94,8,16.55,1.6
Vaini,IN,15.34,74.49,1553719574,90,0,20.6,0.85
Bredasdorp,ZA,-34.53,20.04,1553719539,77,20,20.0,2.6
Alice Springs,AU,-23.7,133.88,1553716800,43,0,13.0,2.6
Pucallpa,PE,-8.38,-74.54,1553716800,331,75,2.0,2.6
Cape Town,ZA,-33.93,18.42,1553719328,88,0,19.44,2.6
Tshikapa,CD,-6.42,20.79,1553719575,91,24,23.4,1.3
Puerto Ayora,EC,-0.74,-90.35,1553718603,62,0,30.0,6.2
Latung,ID,-8.45,120.42,1553719576,94,44,21.2,1.1
Lorengau,PG,-2.02,147.27,1553719576,100,44,26.8,3.0
Port Alfred,ZA,-33.59,26.89,1553719577,84,0,21.6,2.9
Ciudad Bolivar,VE,8.12,-63.55,1553719577,24,0,37.4,4.7
Qaanaaq,GL,77.48,-69.36,1553719577,90,36,-22.2,3.25
Torbay,CA,47.66,-52.73,1553719552,48,40,-5.57,5.1
Beyla,GN,8.69,-8.65,1553719506,95,36,21.67,1.3
Touros,BR,-5.2,-35.46,1553716800,74,40,29.0,5.7
Kahului,US,20.89,-156.47,1553719246,50,20,26.0,3.1
Mataura,NZ,-46.19,168.86,1553719206,82,64,11.11,2.4
Sesheke,NA,-17.47,24.29,1553719579,46,12,24.75,2.8
Cidreira,BR,-30.17,-50.22,1553719579,76,92,21.3,6.0
Atherton,GB,53.52,-2.49,1553719569,75,8,8.0,2.1
Surab,PK,28.49,66.26,1553719580,56,0,12.95,3.2
Castro,CL,-42.48,-73.76,1553716800,52,0,21.0,3.1
Sao Joao da Ponte,BR,-15.93,-44.01,1553719581,71,36,25.1,1.95
Constitucion,MX,23.99,-104.67,1553719216,10,75,27.22,3.1
Hobart,AU,-42.88,147.33,1553719039,87,0,11.11,4.6
Camopi,GF,3.17,-52.33,1553719582,70,56,28.1,2.3
Antanifotsy,MG,-19.66,47.32,1553719582,96,92,15.7,1.2
Namibe,AO,-15.19,12.15,1553719583,95,0,26.2,7.0
Ancud,CL,-41.87,-73.83,1553716800,52,0,21.0,3.1
Cananea,MX,30.98,-110.3,1553719569,9,1,28.33,1.5
Harrison,US,39.26,-84.82,1553719350,24,1,16.67,2.6
Hilo,US,19.71,-155.08,1553719582,61,20,25.0,3.6
Namatanai,PG,-3.66,152.44,1553719585,100,64,27.55,3.9
Kodiak,US,39.95,-94.76,1553719550,14,90,21.67,9.3
Tapiramuta,BR,-11.85,-40.79,1553719585,83,88,24.05,3.75
Provideniya,RU,64.42,-173.23,1553719511,96,68,-0.65,7.75
Necochea,AR,-38.55,-58.74,1553719586,54,0,20.7,4.8
Nichinan,JP,31.65,131.31,1553719587,100,92,13.55,2.9
Kulhudhuffushi,MV,6.62,73.07,1553719587,100,0,29.0,2.05
Vila Franca do Campo,PT,37.72,-25.43,1553719525,71,20,14.0,5.7
Lagoa,PT,37.14,-8.45,1553719535,67,0,16.0,6.2
Punta Arenas,CL,-53.16,-70.91,1553719347,58,75,12.0,13.4
Ca Mau,VN,9.18,105.15,1553719589,100,8,24.45,3.1
Damara,CF,4.96,18.7,1553716800,88,40,26.0,2.1
Chuy,UY,-33.69,-53.46,1553719590,80,0,19.7,4.75
Portland,US,45.52,-122.67,1553719455,62,90,11.67,6.7
North Battleford,CA,52.78,-108.3,1553718820,59,90,3.33,8.2
Chipinge,ZW,-20.19,32.62,1553719591,92,0,18.95,1.15
Atar,MR,20.52,-13.05,1553719589,30,0,18.75,1.85
Aginskoye,RU,51.11,114.54,1553719591,72,56,-9.9,2.95
Russell,AR,-33.01,-68.8,1553716800,77,40,17.0,1.5
Soke,ML,13.6,-5.94,1553719592,45,0,30.75,3.4
Sovetskiy,RU,56.76,48.47,1553719593,98,92,0.1,2.2
Ewa Beach,US,21.32,-158.01,1553719361,64,75,26.11,2.6
Berlevag,NO,70.86,29.09,1553716200,69,75,3.0,9.3
Eufaula,US,31.89,-85.15,1553719555,25,1,20.0,3.6
Nyurba,RU,63.29,118.35,1553719594,72,24,-17.45,1.15
Muisne,EC,0.61,-80.02,1553716800,83,90,27.0,4.1
Pacific Grove,US,36.62,-121.92,1553719577,87,90,17.78,6.7
Nikolayevsk-na-amure,RU,53.14,140.72,1553719595,88,76,-9.9,3.55
Rumoi,JP,43.93,141.67,1553719596,76,68,-1.15,4.6
Busselton,AU,-33.64,115.35,1553719592,56,32,12.22,5.9
Huntsville,US,34.73,-86.59,1553719477,37,1,21.67,2.6
Kota,IN,25.17,75.86,1553719597,53,0,18.25,1.2
Ilmatsalu,EE,58.39,26.56,1553719096,68,8,-0.57,2.6
Roros,NO,62.57,11.38,1553718000,100,0,-4.0,1.0
Tiksi,RU,71.64,128.87,1553719598,68,64,-20.75,1.5
Praia,BR,-20.25,-43.81,1553716800,51,40,28.0,1.5
Severo-Kurilsk,RU,50.68,156.12,1553719598,100,92,-1.65,11.75
Bedesa,ET,8.9,40.78,1553719599,93,64,15.05,1.35
Sarankhola,BD,22.31,89.79,1553719600,96,0,20.7,1.55
Atuona,PF,-9.8,-139.03,1553719600,99,0,28.25,6.45
East London,ZA,-33.02,27.91,1553719496,97,0,24.25,9.0
Tabuk,PH,17.41,121.44,1553719600,91,0,15.35,0.85
Havoysund,NO,71.0,24.66,1553718000,74,75,3.0,15.4
Saint-Pierre,FR,48.95,4.24,1553719325,70,0,7.0,2.6
Ketchikan,US,55.34,-131.65,1553716560,62,1,12.0,8.7
Camacha,PT,33.08,-16.33,1553718600,82,40,17.0,4.6
San Patricio,PY,-26.98,-56.83,1553719602,59,24,23.8,2.8
Madison,US,43.07,-89.38,1553719534,38,40,15.0,10.3
Dingle,PH,11.0,122.67,1553719603,93,44,24.1,4.2
Dikson,RU,73.51,80.55,1553719518,93,80,-3.8,18.05
Klaksvik,FO,62.23,-6.59,1553718000,87,92,7.0,7.2
Grindavik,IS,63.84,-22.43,1553719483,100,75,0.0,13.9
Hasaki,JP,35.73,140.83,1553719177,55,75,16.0,7.2
Nizwa,OM,22.93,57.53,1553719458,51,0,16.45,1.15
Dongsheng,CN,29.72,112.52,1553719605,94,100,15.0,1.4
Samsun,TR,41.29,36.33,1553716200,76,75,9.0,3.6
Alcudia,ES,39.85,3.12,1553719541,57,0,12.22,4.6
Bambous Virieux,MU,-20.34,57.76,1553719446,83,75,27.0,4.1
Sena Madureira,BR,-9.07,-68.66,1553719606,83,68,26.55,1.9
Mount Gambier,AU,-37.83,140.78,1553716800,93,12,6.0,1.5
Yellowknife,CA,62.45,-114.38,1553719365,73,90,-2.22,2.1
Victoria,BN,5.28,115.24,1553716800,88,75,27.0,1.2
Xining,CN,36.62,101.77,1553719443,29,0,-1.05,4.4
Bodden Town,KY,19.28,-81.25,1553718605,66,40,29.0,6.7
Colonial Heights,US,37.26,-77.41,1553719606,20,1,14.44,4.1
Eyl,SO,7.98,49.82,1553719609,100,88,25.1,3.1
Am Timan,TD,11.04,20.28,1553719610,22,12,28.65,3.85
Nishihara,JP,35.74,139.53,1553719521,36,75,17.22,7.2
Hokitika,NZ,-42.72,170.96,1553719610,100,0,13.9,3.0
Beringovskiy,RU,63.05,179.32,1553719611,84,20,-4.0,2.65
Avarua,CK,-21.21,-159.78,1553716800,83,36,27.0,2.6
Sur,OM,22.57,59.53,1553719611,90,0,23.95,1.45
Kruisfontein,ZA,-34.0,24.73,1553719499,72,0,17.05,5.05
Novobirilyussy,RU,56.95,90.69,1553719612,76,0,-10.65,1.4
Poum,MK,41.28,20.71,1553719612,73,76,2.0,0.75
Sobolevo,RU,54.43,31.9,1553719613,71,0,-7.1,1.65
Airai,TL,-8.93,125.41,1553719613,92,64,21.05,0.4
Gasa,BT,27.91,89.73,1553719613,26,0,-27.0,0.85
Marzuq,YE,14.4,46.47,1553719595,92,0,12.25,1.25
Tottori,JP,35.5,134.23,1553719614,78,92,11.2,4.45
Vila Velha,BR,-3.71,-38.6,1553719088,74,75,28.0,2.1
Ornskoldsvik,SE,63.29,18.72,1553718000,85,0,2.0,2.6
Koumac,NC,-20.56,164.28,1553719615,94,44,24.85,3.65
Khatanga,RU,71.98,102.47,1553719616,80,0,-8.45,4.4
Topolobampo,MX,25.6,-109.05,1553719097,20,75,30.56,5.1
Ribeira Grande,PT,38.52,-28.7,1553718600,72,40,15.0,3.1
Grand Gaube,MU,-20.01,57.66,1553719446,83,75,27.0,4.1
Maine-Soroa,NE,13.21,12.02,1553719617,18,0,27.0,5.0
Pevek,RU,69.7,170.27,1553719617,93,88,-9.9,7.65
Upernavik,GL,72.79,-56.15,1553719503,100,36,-15.25,3.7
Iraucuba,BR,-3.75,-39.78,1553719618,95,80,24.2,1.15
Cherskiy,RU,68.75,161.3,1553719618,77,76,-15.25,4.1
Faanui,PF,-16.48,-151.75,1553719490,99,64,29.45,1.75
Barrow,AR,-38.31,-60.23,1553719619,41,0,21.15,5.0
Nantucket,US,41.28,-70.1,1553719398,41,1,5.0,4.1
Mount Isa,AU,-20.73,139.49,1553716800,94,90,22.0,5.7
Riyadh,SA,24.63,46.72,1553716800,28,0,21.0,2.6
Ust-Kulom,RU,61.69,53.69,1553719620,93,0,-1.95,2.3
Shiyan,CN,32.65,110.78,1553719596,64,92,12.5,0.95
Lianran,CN,24.92,102.47,1553717908,58,20,13.89,3.0
Srednekolymsk,RU,67.46,153.71,1553719578,72,64,-17.3,2.65
Sitka,US,37.17,-99.65,1553718695,48,0,25.0,3.13
Phibun Mangsahan,TH,15.24,105.23,1553716800,69,92,27.0,3.1
Saint-Joseph,FR,43.56,6.97,1553719609,57,0,13.0,1.5
Jiayuguan,CN,39.77,98.29,1553719622,70,0,-4.25,2.0
Laguna,MX,27.52,-110.01,1553715720,20,75,30.0,3.1
Araceli,PH,10.55,119.99,1553719623,99,56,27.25,7.75
Tuim,RU,54.34,89.93,1553719623,83,80,-2.8,2.6
Nome,US,30.04,-94.42,1553719614,27,1,24.44,2.1
Kitimat,CA,54.02,-128.69,1553716800,46,20,12.0,3.6
Batemans Bay,AU,-35.71,150.18,1553719545,85,0,15.56,1.79
Sao Joao da Barra,BR,-21.64,-41.05,1553716800,54,20,29.0,5.1
Leningradskiy,RU,69.38,178.42,1553719625,91,88,-5.6,4.55
Jose de Freitas,BR,-4.76,-42.58,1553716800,66,40,31.0,1.0
Port Hedland,AU,-20.31,118.58,1553717460,100,40,26.0,4.6
Alofi,NU,-19.06,-169.92,1553719626,98,92,28.0,1.3
Tasiilaq,GL,65.61,-37.64,1553716200,62,20,-7.0,0.5
Bonthe,SL,7.53,-12.5,1553719627,78,0,28.15,2.0
Longyearbyen,NO,78.22,15.63,1553718000,67,75,-7.0,10.3
Port Blair,IN,11.67,92.75,1553719628,97,24,29.6,3.0
Chake Chake,TZ,-5.25,39.77,1553719628,100,80,27.95,1.6
Aykhal,RU,65.95,111.51,1553719629,77,76,-9.55,1.2
Palana,RU,59.08,159.95,1553719629,73,0,-13.7,1.2
Kita,JP,35.76,139.74,1553719521,36,75,17.22,7.2
Bambui,CM,6.01,10.23,1553719630,60,32,16.65,0.95
San Jose del Guaviare,CO,2.57,-72.65,1553719630,66,36,30.1,0.85
Tymovskoye,RU,50.85,142.66,1553719631,78,88,-11.3,2.15
Hibbing,US,47.43,-92.94,1553718960,58,1,13.0,6.2
Lloydminster,CA,53.28,-110.01,1553716800,64,90,1.0,6.7
Chilca,PE,-13.22,-72.34,1553716800,45,75,18.0,5.7
Buraydah,SA,26.33,43.97,1553716800,34,0,19.0,7.7
Alamosa,US,37.47,-105.87,1553719117,6,1,19.0,7.7
Cayenne,GF,4.94,-52.33,1553716800,66,0,29.0,5.7
Cabadiangan,PH,10.45,123.98,1553716800,94,20,24.0,1.5
Voyvozh,RU,62.89,54.96,1553719633,94,68,-0.1,3.55
Tautira,PF,-17.73,-149.15,1553719343,66,75,31.67,1.5
Mar del Plata,AR,-46.43,-67.52,1553719523,33,0,24.35,4.2
Halifax,CA,44.65,-63.58,1553719565,47,5,3.89,5.7
Seoul,KR,37.57,126.98,1553717400,81,90,8.0,1.0
Salinopolis,BR,-0.61,-47.36,1553719634,100,92,26.5,2.3
Mahebourg,MU,-20.41,57.7,1553719446,83,75,27.0,4.1
Tallahassee,US,30.44,-84.28,1553719537,22,1,21.67,7.7
Chiang Mai,TH,18.79,98.99,1553716800,61,12,26.0,1.5
Trincomalee,LK,8.58,81.23,1553719636,92,24,22.6,1.55
Itarema,BR,-2.92,-39.92,1553719636,84,80,27.05,3.1
Takoradi,GH,4.89,-1.75,1553719636,97,24,28.05,3.2
Bethel,US,60.79,-161.76,1553716560,74,75,2.0,6.7
Cabedelo,BR,-6.97,-34.84,1553716800,78,20,28.0,3.6
Ilulissat,GL,69.22,-51.1,1553716200,71,75,-13.0,5.1
Acapulco,MX,16.86,-99.88,1553715660,52,5,32.0,3.6
Quesnel,CA,52.98,-122.49,1553717100,80,90,4.0,1.5
Henties Bay,NA,-22.12,14.28,1553716930,93,100,16.11,3.13
Vilhena,BR,-12.74,-60.15,1553716800,94,40,26.0,3.1
Port Elizabeth,US,39.31,-74.98,1553719627,45,1,12.22,2.6
Lat Yao,TH,15.75,99.79,1553719407,92,36,28.89,1.05
Vung Tau,VN,10.35,107.08,1553719640,98,0,27.25,6.15
Villarrica,CL,-39.28,-72.23,1553719542,47,0,30.0,5.1
Viedma,AR,-40.81,-62.99,1553719503,40,0,23.0,7.3
Kenai,US,60.55,-151.26,1553719625,60,75,8.33,1.5
Norman Wells,CA,65.28,-126.83,1553716800,69,90,1.0,2.6
Evans,US,40.38,-104.69,1553719625,11,1,24.44,5.1
Kloulklubed,PW,7.04,134.26,1553716200,88,90,26.0,4.1
Kavaratti,IN,10.57,72.64,1553719642,100,0,28.7,4.7
Ostrovnoy,RU,68.05,39.51,1553719642,88,88,-4.25,10.2
Penzance,GB,50.12,-5.53,1553719555,87,0,10.0,2.6
Mvuma,ZW,-19.28,30.53,1553719643,84,0,17.3,5.1
Komsomolskiy,RU,67.55,63.78,1553719643,88,80,-4.7,6.6
Enshi,CN,30.29,109.48,1553719644,98,92,11.6,1.15
Soyo,AO,-6.13,12.37,1553719401,88,68,27.6,2.2
Abalak,NE,15.46,6.28,1553719645,17,24,27.0,4.8
Bundaberg,AU,-24.87,152.35,1553719512,94,75,21.67,4.1
Khasan,RU,42.43,130.64,1553719569,100,0,-3.65,3.9
Langham,CA,52.36,-106.96,1553719635,74,90,4.44,7.2
Sawakin,SD,19.1,37.33,1553719646,100,0,17.25,3.1
Coihaique,CL,-45.58,-72.07,1553716800,33,0,24.0,1.5
Abha,SA,18.22,42.5,1553716800,87,0,17.0,4.1
Lata,IN,30.78,78.62,1553719647,70,12,7.9,1.15
Zyryanka,RU,65.73,150.89,1553719647,71,64,-15.5,2.85
Deputatskiy,RU,69.3,139.9,1553719648,34,0,-31.45,1.2
San Vicente,SV,13.64,-88.78,1553716200,46,20,32.0,4.6
Nyagan,RU,62.14,65.43,1553719650,82,32,0.45,2.75
Geraldton,CA,49.72,-86.95,1553716800,52,90,7.0,8.7
Gerash,IR,27.67,54.14,1553716800,93,0,14.0,1.15
Safita,SY,34.82,36.12,1553719551,76,40,13.0,3.1
Bitam,GA,2.08,11.49,1553719651,77,36,25.0,0.3
Zhuhai,CN,40.71,112.04,1553716800,40,20,2.0,3.0
Smirnykh,RU,49.74,142.83,1553719652,83,48,-12.05,4.45
Preobrazheniye,RU,42.9,133.91,1553719578,52,0,-7.3,1.65
Mogadishu,SO,2.04,45.34,1553719652,96,32,28.55,7.15
Rocha,UY,-34.48,-54.34,1553719597,60,0,19.25,4.2
Vanavara,RU,60.35,102.28,1553719653,84,68,-5.9,1.15
Qingdao,CN,36.09,120.35,1553716800,45,0,8.0,6.0
Kilembe,UG,0.2,30.01,1553719654,97,44,19.25,1.45
Libertador General San Martin,AR,-23.81,-64.79,1553719654,88,92,15.75,1.55
Nemuro,JP,43.32,145.57,1553719654,100,44,-1.15,4.2
Kaitangata,NZ,-46.28,169.85,1553719632,70,12,11.67,0.89
Antsohihy,MG,-14.88,47.99,1553719655,96,48,24.55,0.85
Codrington,AU,-28.95,153.24,1553719402,88,75,20.0,2.3
Saskylakh,RU,71.97,114.09,1553719513,73,20,-9.95,2.9
Inongo,CD,-1.93,18.29,1553719656,88,8,26.1,1.15
Westport,IE,53.8,-9.52,1553719384,81,75,10.0,1.0
Belyy Yar,RU,53.6,91.39,1553716800,74,88,-1.0,1.0
San Ignacio,CL,-36.8,-72.03,1553716800,32,0,28.0,3.1
Soe,EE,57.91,26.05,1553719096,68,12,-0.57,2.6
Harnosand,SE,62.63,17.94,1553718816,83,0,3.89,2.6
Shingu,JP,33.72,135.99,1553719659,85,92,17.3,7.9
Lasa,CY,34.92,32.53,1553716800,87,40,15.0,3.6
Kalemie,CD,-5.95,29.2,1553719659,100,8,25.35,2.15
Pano Aqil,PK,27.86,69.11,1553719660,47,12,25.85,3.35
Donskoye,RU,45.45,41.98,1553716800,81,40,6.0,5.0
Fortuna,ES,38.18,-1.13,1553719515,67,0,14.0,3.6
Qianan,CN,44.99,124.06,1553719661,47,0,-6.4,3.65
Carutapera,BR,-1.2,-46.02,1553719661,90,88,26.75,2.45
Sorong,ID,-0.86,131.25,1553719451,100,0,27.7,2.5
Piacabucu,BR,-10.41,-36.43,1553719662,80,44,26.8,4.9
Saint Lawrence,MT,36.06,14.2,1553719602,100,75,12.0,2.6
Guia de Isora,ES,28.21,-16.78,1553719608,93,75,19.0,5.1
Fujin,CN,47.24,132.03,1553719663,55,0,-11.15,4.45
Hambantota,LK,6.12,81.12,1553719663,100,0,26.75,3.05
Sturgeon Falls,CA,46.36,-79.93,1553719216,48,75,6.11,6.2
Zabid,YE,14.2,44.5,1553719664,82,12,8.15,0.95
Saint-Francois,FR,46.42,3.91,1553719533,65,0,7.0,3.6
Subang,MY,3.15,101.53,1553719654,88,75,28.0,2.7
Wilmington,US,39.75,-75.55,1553719444,21,1,11.67,2.1
Maryborough,AU,-25.54,152.7,1553719665,87,92,21.35,1.85
Te Anau,NZ,-45.41,167.72,1553719568,86,0,7.35,0.95
Venado Tuerto,AR,-33.75,-61.97,1553719552,22,20,23.89,4.02
Mareeba,AU,-16.99,145.42,1553719517,94,76,25.0,2.1
Verkhoyansk,RU,67.55,133.39,1553719667,31,0,-30.15,1.15
Northam,GB,51.04,-4.21,1553719502,87,0,8.0,3.1
Santa Isabel do Rio Negro,BR,-0.41,-65.02,1553719667,69,0,31.05,2.85
Saint Anthony,US,43.97,-111.68,1553719522,26,1,17.22,5.7
Ludhiana,IN,30.91,75.85,1553719404,80,0,18.1,1.35
Tuatapere,NZ,-46.13,167.69,1553719206,82,68,11.11,2.3
Carnarvon,ZA,-30.97,22.13,1553719668,24,0,15.5,3.75
Simbahan,PH,6.3,120.58,1553719669,98,32,27.6,1.75
Tabou,CI,4.42,-7.36,1553719669,95,12,29.3,4.1
Mayo,CA,63.59,-135.9,1553716800,48,90,5.0,1.5
Hofn,IS,64.25,-15.21,1553719514,99,32,4.0,12.9
Takahagi,JP,36.74,140.69,1553719205,56,20,8.89,1.5
Saint-Georges,CA,46.12,-70.67,1553718726,37,0,6.11,2.68
Sioux Lookout,CA,50.1,-91.92,1553716800,66,90,9.0,5.7
Manzanillo,CU,20.34,-77.12,1553719672,100,0,26.15,1.45
Barrhead,CA,54.12,-114.4,1553719672,81,32,5.2,3.1
Kosh-Agach,RU,49.99,88.66,1553719672,67,0,-15.3,1.2
Lazaro Cardenas,MX,28.39,-105.62,1553719588,30,90,30.0,3.6
Kushima,JP,31.5,131.29,1553719673,100,92,13.55,2.9
Arlit,NE,18.74,7.39,1553719673,26,68,25.0,1.65
Ilam,IR,33.64,46.42,1553716800,87,0,6.0,2.1
Isangel,VU,-19.55,169.27,1553719501,100,36,27.25,9.2
Tarauaca,BR,-8.16,-70.77,1553719674,89,88,25.7,3.9
Ojinaga,US,29.56,-104.41,1553719567,37,1,29.0,3.6
Omsukchan,RU,62.53,155.8,1553719675,74,44,-17.3,4.35
Narrabri,AU,-30.33,149.78,1553716800,67,0,17.0,4.6
Matamoros,US,25.87,-97.51,1553719548,51,20,27.0,7.2
Great Falls,US,47.5,-111.29,1553719619,67,75,4.0,6.2
Inhambane,MZ,-23.87,35.38,1553719676,88,64,25.25,4.9
Souillac,FR,45.6,-0.6,1553719509,53,0,11.11,4.6
Taoudenni,ML,22.68,-3.98,1553719677,51,0,22.5,1.65
Poso,ID,-1.4,120.75,1553719677,100,92,24.6,1.45
Barahona,DO,18.21,-71.1,1553716800,55,20,30.0,6.7
Turukhansk,RU,65.8,87.96,1553719678,92,88,-2.15,6.25
Hamilton,BM,32.3,-64.78,1553719590,72,75,19.0,8.2
Saint George,GR,39.45,22.34,1553719402,81,90,11.67,2.1
Tezu,IN,27.93,96.16,1553719679,71,0,10.55,0.85
Antofagasta,CL,-23.65,-70.4,1553716800,60,0,21.0,6.7
Otane,NZ,-39.89,176.62,1553719336,72,76,17.78,1.5
Hesperia,US,34.43,-117.3,1553719438,48,1,23.0,5.1
Roald,NO,62.58,6.12,1553719592,71,75,10.0,7.2
Bagdarin,RU,54.44,113.59,1553719680,70,8,-15.8,2.1
Campeche,MX,19.84,-90.54,1553715900,65,40,27.0,9.3
Bolshaya Glushitsa,RU,50.24,43.59,1553718898,92,88,3.33,1.34
Mezen,RU,65.85,44.24,1553719682,75,44,-4.75,3.0
Clyde River,CA,70.47,-68.59,1553716800,64,75,-17.0,1.2
Panama City,US,30.16,-85.65,1553719513,33,1,23.0,5.1
Mecca,SA,21.43,39.83,1553719683,64,0,13.95,2.5
Tongzi,CN,28.78,105.09,1553719683,90,92,13.45,1.3
Dunedin,NZ,-45.87,170.5,1553719460,49,24,16.11,0.89
Zaysan,KZ,47.47,84.87,1553719684,73,0,-6.55,0.65
Kindu,CD,-2.95,25.92,1553719684,83,24,24.75,0.95
Bathsheba,BB,13.22,-59.52,1553716800,65,20,28.0,8.7
Carnot,CF,4.94,15.87,1553719684,72,36,24.55,1.3
Belawan,ID,-0.59,114.46,1553719685,100,92,21.7,1.0
Athabasca,CA,54.72,-113.29,1553719685,73,64,4.3,5.1
Vestmannaeyjar,IS,63.44,-20.27,1553719575,88,88,3.95,12.15
Morros,BR,-2.87,-44.04,1553716800,88,75,27.0,3.1
Myitkyina,MM,25.38,97.4,1553719686,81,76,17.45,1.4
Mujiayingzi,CN,42.12,118.78,1553719586,53,24,-7.95,1.1
Paamiut,GL,61.99,-49.67,1553719687,100,20,-4.9,5.8
Yamada,JP,36.58,137.08,1553719369,81,75,8.0,5.1
Wajid,SO,3.81,43.25,1553719688,98,8,20.7,1.35
Ventspils,LV,57.39,21.56,1553718000,100,90,2.0,1.0
Monterey,US,36.6,-121.89,1553719577,87,90,17.78,6.7
Nanortalik,GL,60.14,-45.24,1553719689,100,68,-4.3,8.7
El Alto,BO,-16.5,-68.19,1553716800,66,75,10.0,5.1
Bella Union,CO,8.5,-73.35,1553719689,54,68,27.6,1.25
Litovko,RU,49.24,135.18,1553719690,69,76,-7.55,0.95
Waipawa,NZ,-39.94,176.59,1553719336,72,92,17.78,2.65
Grand Forks,US,47.91,-97.06,1553718960,100,75,6.0,9.3
Yulara,AU,-25.24,130.99,1553716800,31,0,16.0,3.6
Kaeo,NZ,-35.1,173.78,1553719084,93,92,18.33,3.0
Narsaq,GL,60.91,-46.05,1553716200,48,75,-6.0,2.2
Sayyan,YE,15.17,44.32,1553719691,78,20,9.45,1.15
Piritiba,BR,-11.73,-40.56,1553719692,83,88,24.05,3.75
Thap Than,TH,15.46,99.89,1553719407,92,36,28.89,1.05
Lufilufi,WS,-13.87,-171.6,1553719343,79,75,29.0,4.4
Katsuura,JP,33.93,134.5,1553718871,50,75,16.11,2.6
Larap,PH,14.3,122.65,1553719693,100,68,25.85,3.95
Alihe,CN,50.57,123.73,1553719693,63,8,-15.05,2.2
Yanam,IN,16.73,82.22,1553719693,90,36,25.6,2.0
Batagay,RU,67.65,134.64,1553719694,31,0,-30.05,1.3
Zhezkazgan,KZ,47.8,67.71,1553719694,85,92,6.55,7.65
Arkansas City,US,37.06,-97.04,1553719616,49,1,21.11,9.8
Rudsar,IR,37.14,50.29,1553716800,93,75,11.0,1.65
Basco,US,40.33,-91.2,1553719596,36,40,18.89,8.2
Labuhan,ID,-2.54,115.51,1553719695,93,80,23.55,0.8
Emerald,AU,-23.53,148.16,1553719168,100,90,21.0,5.1
Nacala,MZ,-14.56,40.69,1553719696,96,24,27.35,5.55
Gonzalez,CO,8.39,-73.38,1553719696,54,68,27.6,1.25
Somoto,NI,13.48,-86.58,1553719460,50,12,26.11,3.58
Lethem,GY,3.38,-59.8,1553719697,36,0,35.45,6.55
Shelburne,CA,44.08,-80.2,1553719697,24,1,10.0,6.7
Garden City,US,40.73,-73.63,1553719515,38,1,8.33,3.6
Kamenka,RU,53.19,44.05,1553718398,88,80,2.22,4.75
Ibia,NG,5.18,6.32,1553719699,70,0,28.2,4.1
Haines Junction,CA,60.75,-137.51,1553719699,45,0,3.8,1.2
Najran,SA,17.54,44.22,1553716800,39,40,26.0,2.6
Ossora,RU,59.24,163.07,1553719700,81,0,-14.65,1.3
Jining,CN,35.41,116.58,1553719700,44,68,10.85,5.45
San Quintin,PH,17.54,120.52,1553719701,80,0,18.35,2.25
Tanda,IN,31.67,75.63,1553719701,78,24,17.2,1.25
Kjollefjord,NO,70.95,27.35,1553716200,80,75,3.0,11.8
Korocha,RU,50.81,37.2,1553716800,89,0,0.0,3.0
Ahipara,NZ,-35.17,173.16,1553719702,96,92,19.4,3.05
Calvinia,ZA,-31.47,19.78,1553719702,57,0,11.85,1.3
Kontagora,NG,10.4,5.47,1553719703,29,8,27.65,3.75
Qom,IR,34.64,50.88,1553719703,77,0,7.9,3.65
Chillan,CL,-36.61,-72.1,1553716800,32,0,28.0,3.1
Saldanha,PT,41.42,-6.55,1553719703,29,0,12.2,5.45
Sinnamary,GF,5.38,-52.96,1553719704,89,0,27.5,5.65
Sterling,US,39.0,-77.4,1553719704,25,1,12.78,3.1
Rio Grande,BR,-32.03,-52.1,1553716800,77,75,21.0,4.6
Nikko,JP,36.75,139.62,1553719507,71,24,7.78,1.34
Lompoc,US,34.64,-120.46,1553719622,68,90,20.0,5.1
Guerrero Negro,MX,27.97,-114.04,1553719705,54,56,20.5,5.35
Usinsk,RU,66.0,57.56,1553719705,85,68,-5.75,3.3
Filingue,NE,14.35,3.32,1553719706,25,20,27.6,3.25
Vestmanna,FO,62.16,-7.17,1553718000,87,92,7.0,7.2
Pangnirtung,CA,66.15,-65.72,1553716800,84,20,-18.0,3.6
Okha,RU,53.59,142.95,1553719707,84,36,-11.8,4.3
Morehead,US,38.18,-83.43,1553719619,19,1,17.0,4.1
Caracuaro,MX,19.01,-101.13,1553719708,20,0,28.7,1.8
Gat,SN,14.69,-16.54,1553716800,68,0,21.0,7.7
Kidal,ML,18.44,1.41,1553719708,21,32,25.6,2.2
Jacksonville,US,30.33,-81.66,1553719413,27,1,18.89,9.3
Gushikawa,JP,26.35,127.87,1553719347,73,90,22.0,5.7
Salta,AR,-24.79,-65.41,1553716800,82,90,14.0,3.6
Faya,SA,18.39,42.45,1553716800,87,0,17.0,4.1
Jacareacanga,BR,-6.22,-57.76,1553719710,61,24,32.15,1.0
Magole,TZ,-6.37,37.37,1553719710,96,92,20.65,1.15
Vitoria do Mearim,BR,-3.46,-44.87,1553719711,89,12,27.55,0.5
Jadu,LY,31.95,12.03,1553719711,79,48,12.75,2.75
Foumban,CM,5.73,10.9,1553719711,38,24,21.1,1.95
Boffa,GN,10.18,-14.04,1553719712,90,0,24.2,1.5
Puerto Narino,CO,-3.77,-70.38,1553716800,94,40,27.0,1.0
Show Low,US,34.25,-110.03,1553719571,15,1,23.0,7.2
Broken Hill,AU,-31.97,141.45,1553716800,54,0,13.0,1.25
Marsa Matruh,EG,31.35,27.25,1553719657,82,12,7.65,1.4
Palora,EC,-1.7,-77.97,1553716800,58,75,28.0,2.1
Erenhot,CN,43.65,111.97,1553719713,64,36,-9.7,1.35
Lamu,ID,0.57,122.3,1553719714,100,32,22.2,1.2
Kwinana,AU,-32.25,115.77,1553719666,82,0,17.22,3.1
Maanshan,CN,31.7,118.5,1553716800,100,80,13.0,1.0
Padang,ID,-0.92,100.36,1553719628,100,92,28.1,2.65
Tigil,RU,57.8,158.67,1553719715,77,0,-14.05,1.55
Los Llanos de Aridane,ES,28.66,-17.92,1553719503,72,20,18.0,1.0
Hovd,NO,63.83,10.7,1553719501,93,75,6.67,7.2
Pipri,IN,24.21,83.02,1553719716,70,0,16.95,1.3
Niquero,CU,20.04,-77.58,1553719716,91,12,26.75,1.85
Bonavista,CA,48.65,-53.11,1553719552,51,0,-6.11,2.24
Staffanstorp,SE,55.64,13.21,1553719411,93,90,8.33,1.5
Burnie,AU,-41.05,145.91,1553719684,91,8,13.33,0.89
Alekseyevsk,RU,57.84,108.35,1553719717,74,76,-10.55,1.05
Salalah,OM,17.01,54.1,1553716200,83,0,26.0,0.5
Oktyabrskiy,RU,55.61,37.97,1553719248,93,40,0.0,3.0
Chumikan,RU,54.72,135.31,1553719718,67,48,-13.55,1.65
Porgera,PG,-5.46,143.15,1553719718,95,76,11.15,0.95
Piatra Soimului,RO,46.83,26.43,1553719700,55,0,1.67,3.6
Kailua,US,21.39,-157.74,1553719361,64,75,26.11,2.6
Antibes,FR,43.58,7.11,1553719249,58,0,13.0,3.1
Smithers,CA,54.78,-127.17,1553716800,49,20,8.0,1.5
Troitskoye,RU,52.98,84.68,1553719720,95,76,-1.65,1.95
Ravar,IR,31.27,56.81,1553719721,20,0,15.75,2.95
Moose Factory,CA,51.26,-80.61,1553716800,52,90,6.0,8.2
Aksu,KZ,52.04,76.93,1553716800,100,0,-3.0,3.0
Huilong,CN,28.89,110.18,1553719722,96,92,16.2,1.15
Bereda,ES,43.27,-7.54,1553719503,41,0,13.89,2.6
Caravelas,BR,-17.73,-39.27,1553719722,99,44,28.3,7.25
Broome,GB,52.47,1.45,1553719507,76,75,9.44,1.5
Ponnani,IN,10.77,75.93,1553716800,83,20,28.0,1.5
Port Hardy,CA,50.7,-127.42,1553716800,81,20,8.0,1.0
Kon Tum,VN,14.36,108.0,1553719724,96,0,16.7,0.95
Miyako,JP,33.63,130.94,1553719707,67,75,16.0,2.6
College,US,64.86,-147.8,1553719627,89,90,3.89,2.5
Charters Towers,AU,-20.07,146.27,1553719725,91,76,23.6,3.6
Roebourne,AU,-20.77,117.15,1553719725,87,0,18.75,1.4
Kutum,SD,14.2,24.66,1553719725,20,0,20.45,5.2
Balabac,PH,7.99,117.06,1553719726,100,80,27.35,3.95
Brae,GB,60.4,-1.35,1553718000,93,92,9.0,9.3
Timbuktu,ML,16.77,-3.01,1553719727,52,44,27.95,1.1
Ous,RU,60.91,61.52,1553719727,80,0,-5.55,1.05
Kumano,JP,34.34,132.59,1553718982,71,75,15.0,5.7
Zhigansk,RU,66.77,123.37,1553719728,76,0,-19.8,2.8
Asheville,US,35.6,-82.55,1553719504,32,1,15.56,3.1
Coolum Beach,AU,-26.53,153.09,1553719627,91,92,22.78,3.15
Jumla,NP,29.28,82.18,1553719729,70,0,-2.95,1.25
Parabel,RU,58.71,81.5,1553719729,93,80,-0.4,2.4
Celestun,MX,20.87,-90.4,1553719729,100,0,24.4,9.05
Pathein,MM,16.78,94.73,1553719730,94,64,22.35,2.85
Lavrentiya,RU,65.58,-170.99,1553719730,96,80,0.2,11.55
Sume,RS,43.62,20.22,1553718600,56,75,5.0,1.0
Boyolangu,ID,-8.09,111.9,1553719731,91,44,19.95,1.15
Santa Rosalia,IT,38.07,13.27,1553719701,93,75,12.78,8.7
Ribas do Rio Pardo,BR,-20.45,-53.76,1553719732,38,20,32.15,3.4
Nola,CF,3.52,16.05,1553719732,83,48,24.55,0.9
Bowen,AU,-20.01,148.25,1553719405,94,90,24.44,1.5
Turayf,SA,31.68,38.65,1553716800,76,0,10.0,3.1
Tessalit,ML,20.2,1.01,1553719734,18,36,28.8,2.75
Vilcun,CL,-38.65,-72.23,1553719542,47,0,30.0,5.1
Esna,RO,45.2,27.57,1553719734,50,0,4.2,5.15
Meulaboh,ID,4.14,96.13,1553719572,100,88,27.05,1.1
Nyuksenitsa,RU,60.41,44.24,1553719735,84,0,-6.45,3.7
Tres Arroyos,AR,-38.38,-60.28,1553719735,41,0,21.15,5.0
Severobaykalsk,RU,55.65,109.32,1553719736,72,64,-14.45,0.95
Araouane,ML,18.9,-3.53,1553719736,34,32,29.9,2.5
San Andres,PH,13.32,122.68,1553719737,100,64,26.6,4.2
Jimma,ET,7.67,36.84,1553719737,98,92,14.4,1.3
Margate,AU,-43.03,147.26,1553719548,87,0,11.11,4.6
Bheramara,BD,24.02,89.0,1553719737,90,0,17.85,1.25
Nevers,FR,46.99,3.16,1553719737,65,0,8.0,3.6
Nuuk,GL,64.17,-51.74,1553719322,62,75,-7.0,5.1
Weihe,CN,32.99,105.33,1553719669,80,12,8.89,0.7
Novo Aripuana,BR,-5.12,-60.38,1553719739,60,20,32.1,1.1
Stodolishche,RU,54.18,32.65,1553719739,62,0,-6.15,2.6
Charagua,BO,-19.79,-63.2,1553716800,82,90,18.0,4.65
Auki,NG,12.18,6.51,1553719740,26,0,25.2,3.55
Bukachacha,RU,52.99,116.91,1553719741,66,44,-14.35,1.2
Creston,US,41.06,-94.36,1553719532,42,20,21.11,12.3
Menongue,AO,-14.66,17.68,1553719741,95,92,17.7,1.2
Yarada,IN,17.65,83.27,1553719742,98,0,28.45,6.3
Santa Rosa de Aguan,HN,15.95,-85.71,1553719742,91,0,27.7,5.7
Flinders,AU,-34.58,150.85,1553719460,100,20,18.33,2.6
Emba,CY,34.81,32.42,1553716800,87,40,15.0,3.6
Uige,AO,-7.61,15.06,1553719743,91,12,21.7,1.0
Huanren,CN,41.26,125.37,1553719640,84,0,-8.2,1.2
Bubaque,GW,11.28,-15.83,1553719743,90,8,27.6,7.5
Egvekinot,RU,66.32,-179.17,1553719594,89,80,-5.9,4.0
Mananjary,MG,-19.16,46.8,1553719744,96,44,16.75,1.2
Humberto de Campos,BR,-2.6,-43.46,1553719744,90,56,28.15,4.1
Lima,PE,-12.06,-77.04,1553719340,61,0,27.0,2.6
Ambanja,MG,-13.68,48.45,1553719745,98,0,21.45,1.05
Shimoda,JP,34.7,138.93,1553718785,58,20,12.78,0.45
Yar-Sale,RU,66.83,70.83,1553719746,77,36,-8.8,3.95
Leh,IN,34.16,77.58,1553719746,78,80,-17.05,0.15
Shache,CN,38.42,77.24,1553719578,61,8,6.35,2.4
Trairi,BR,-3.28,-39.27,1553719747,100,56,26.85,2.65
Santa Rosa,AR,-36.62,-64.29,1553719555,41,0,23.0,7.9
Puerto Escondido,MX,15.86,-97.07,1553715900,62,5,30.0,4.1
Merauke,ID,-8.49,140.4,1553719748,100,92,25.6,3.25
San Cristobal,EC,-0.39,-78.55,1553719522,46,75,23.0,4.1
Manta,RO,45.1,24.1,1553719749,59,0,-1.2,2.35
Udachnyy,RU,66.42,112.4,1553719749,82,76,-7.8,1.1
Tagusao,PH,9.19,117.81,1553719749,98,44,24.9,1.35
Edson,CA,53.59,-116.44,1553717940,69,90,3.0,3.6
Samarai,PG,-10.62,150.67,1553719750,100,0,27.7,3.5
San Rafael,AR,-34.61,-68.33,1553719751,61,100,17.95,4.5
Gaspe,CA,48.83,-64.48,1553716800,36,40,-1.0,3.1
Puerto Quijarro,BO,-19.0,-57.72,1553716800,49,20,33.0,3.6
Thinadhoo,MV,0.53,72.93,1553719752,100,56,27.65,2.2
Nelson Bay,AU,-32.72,152.14,1553719580,93,80,16.67,2.1
Dhidhdhoo,MV,6.88,73.1,1553719753,100,0,29.0,2.05
Barcelos,PT,41.53,-8.62,1553719627,66,0,16.67,3.1
Amahai,ID,-3.31,129.0,1553719401,81,24,28.33,3.35
Port Augusta,AU,-32.49,137.76,1553716800,93,0,11.0,2.6
Nioro,GM,13.79,-15.05,1553719754,53,0,28.1,1.8
Mezhdurechensk,RU,53.69,88.07,1553719755,98,92,-0.7,1.2
Matara,PE,-13.74,-72.9,1553719755,62,68,13.65,1.1
Lishu,CN,43.31,124.32,1553719755,44,0,-5.7,3.2
Kulykiv,UA,49.98,24.08,1553716800,69,0,2.0,1.3
Aranos,NA,-24.14,19.11,1553719756,31,88,27.55,4.85
Impfondo,CD,1.62,18.06,1553719756,76,68,26.2,1.6
Along,IN,28.17,94.8,1553719757,96,12,9.7,0.75
Iralaya,HN,15.0,-83.23,1553719757,67,88,29.0,5.85
Avera,US,33.19,-82.53,1553719510,25,1,18.0,5.7
Brigham City,US,41.51,-112.02,1553719472,23,1,18.89,4.6
Fredonia,CO,5.93,-75.67,1553719661,51,20,28.0,7.2
Jishou,CN,28.26,109.7,1553719759,97,92,17.55,1.15
Peking,DE,52.08,11.12,1553719746,76,90,10.0,4.1
Kazachinskoye,RU,57.69,93.28,1553719760,74,0,-9.25,2.2
Hinton,CA,53.4,-117.57,1553719760,58,80,1.75,1.4
Lake Charles,US,30.23,-93.22,1553719713,27,1,23.0,2.1
Buala,SB,-8.15,159.59,1553719761,93,64,27.6,1.55
Clinton,US,30.87,-91.02,1553719504,25,1,25.0,3.1
Alvinopolis,BR,-20.11,-43.05,1553719762,61,0,24.45,2.1
Ballina,IE,54.11,-9.15,1553719384,81,75,9.44,1.0
Portobelo,PA,9.55,-79.65,1553719641,41,40,33.0,9.8
Cap Malheureux,MU,-19.98,57.61,1553719746,83,75,27.0,4.1
Narita,JP,35.78,140.32,1553719721,55,75,16.67,7.2
Praya,ID,-8.71,116.27,1553719763,100,20,26.55,1.6
Noshiro,JP,40.21,140.05,1553719763,100,64,3.5,7.95
Dabola,GN,10.74,-11.11,1553719764,72,12,24.15,1.2
Kanniyakumari,IN,8.08,77.57,1553719764,99,0,28.95,4.75
Akoupe,CI,6.39,-3.9,1553719764,99,44,22.6,1.2
Yacuiba,AR,-22.01,-63.68,1553716800,72,90,19.0,3.1
Pierre,US,44.37,-100.35,1553719315,50,1,13.0,3.1
Salinas,US,36.67,-121.66,1553719610,87,90,17.78,6.7
Zambezi,ZM,-13.55,23.12,1553719766,69,0,22.65,2.85
Qarchi Gak,AF,37.04,66.79,1553719344,100,90,16.0,8.7
Yaguajay,CU,22.33,-79.24,1553719766,61,68,26.65,3.65
Bitkine,TD,11.98,18.21,1553719766,30,0,26.15,3.0
Nizhniy Kuranakh,RU,58.84,125.49,1553719767,66,44,-17.1,1.1
Pindiga,NG,9.98,10.93,1553719767,25,0,26.75,3.65
Cumana,VE,10.46,-64.17,1553719767,42,48,29.9,1.8
Yumen,CN,40.29,97.04,1553719568,69,12,-3.55,1.35
Kirakira,SB,-10.46,161.92,1553719768,100,48,28.85,4.8
Qasigiannguit,GL,68.82,-51.19,1553716200,71,75,-13.0,5.1
Lindi,TZ,-10.0,39.71,1553719769,99,64,23.35,0.85
Yuli,NG,10.52,9.86,1553719769,25,0,24.15,3.3
Cacu,BR,-18.56,-51.13,1553719581,83,88,25.55,3.3
Kholm-Zhirkovskiy,RU,55.52,33.47,1553719770,70,0,-4.75,2.95
Gorontalo,ID,0.54,123.06,1553719505,95,0,21.95,0.85
Biak,ID,-0.91,122.88,1553719770,100,36,24.0,1.5
Riachao,BR,-7.36,-46.62,1553719771,90,64,24.85,0.85
Shangrao,CN,28.45,117.97,1553719771,96,92,17.05,0.7
Nouakchott,MR,18.08,-15.98,1553716800,82,0,19.0,6.2
Mutoko,ZW,-17.4,32.23,1553719536,76,8,19.7,2.85
Ugoofaaru,MV,5.67,73.0,1553719772,100,0,28.7,1.8
Belaya Gora,RU,68.54,146.19,1553719585,50,0,-27.3,1.4
Galveston,US,40.58,-86.19,1553719770,24,1,14.44,4.1
Itamaraju,BR,-17.04,-39.53,1553719773,78,24,25.7,3.55
Santa Isabel,CO,4.71,-75.1,1553716800,70,75,29.0,1.0
Porciuncula,BR,-20.96,-42.04,1553719773,49,8,25.8,3.65
Kouango,CF,4.99,19.98,1553719774,96,56,21.65,3.45
Alencon,FR,48.43,0.08,1553716800,61,90,10.0,2.6
Boende,CD,-0.28,20.88,1553719774,91,68,23.4,1.5
Kulu,CD,3.47,23.69,1553719775,93,32,23.2,1.45
Planadas,CO,3.2,-75.65,1553716800,36,40,34.0,1.5
Nerchinskiy Zavod,RU,51.31,119.61,1553719775,62,12,-16.65,1.5
Tabory,PL,53.89,19.53,1553719771,84,92,7.22,2.68
Bojnurd,IR,37.47,57.33,1553716800,87,20,6.0,1.3
Toucheng,TW,24.86,121.82,1553719587,83,75,23.0,1.5
Baghdad,IQ,33.3,44.38,1553716800,72,40,16.0,2.1
Kamiiso,JP,41.82,140.65,1553719777,71,48,-2.5,2.75
Cururupu,BR,-1.82,-44.87,1553719777,85,76,26.95,2.5
Pingliang,CN,35.54,106.68,1553719533,72,0,2.1,1.4
Suba,CN,28.73,103.51,1553719778,95,68,11.25,0.95
Ndioum,SN,16.51,-14.65,1553719778,31,0,26.45,3.25
Miles City,US,46.41,-105.84,1553719749,46,75,12.0,6.2
Ulaanbaatar,MN,47.92,106.92,1553716800,46,0,-14.0,1.25
Porbandar,IN,21.64,69.61,1553719779,61,44,25.1,4.4
Dumas,IN,21.09,72.71,1553719780,92,0,26.85,3.2
Tecoanapa,MX,16.99,-99.26,1553715660,52,5,32.0,3.6
Ouadda,CF,8.07,22.4,1553719780,89,24,22.4,2.4
Mount Pleasant,US,33.16,-94.97,1553719647,37,1,23.33,2.6
Puro,PH,13.13,123.76,1553719782,100,92,23.55,1.3
Hat Yai,TH,7.0,100.46,1553716800,94,20,24.0,2.1
Bang Saphan,TH,11.21,99.51,1553719783,91,12,26.5,2.35
Chapais,CA,49.78,-74.86,1553716800,32,75,5.0,7.2
Lakatoro,VU,-16.11,167.42,1553719784,96,76,26.5,4.3
Makakilo City,US,21.35,-158.09,1553719660,64,75,26.11,2.6
Havre-Saint-Pierre,CA,50.23,-63.6,1553716800,67,40,-7.0,3.6
Sakaiminato,JP,35.55,133.23,1553719697,76,75,11.0,7.2
Sibu,MY,2.29,111.83,1553716800,100,75,24.0,1.0
Klaebu,NO,63.3,10.48,1553719770,93,75,6.0,7.2
Griffith,AU,-34.29,146.06,1553716800,68,32,18.0,3.1
Coquimbo,CL,-29.95,-71.34,1553716800,77,75,16.0,4.6
Choix,MX,26.71,-108.33,1553719787,30,8,28.1,1.1
Bajah,YE,13.81,44.63,1553719787,90,0,11.2,0.55
Megion,RU,61.04,76.11,1553716800,79,0,-2.0,2.0
Bam,IR,29.11,58.36,1553719788,17,0,18.4,5.6
Cassilandia,BR,-19.11,-51.73,1553719788,65,80,27.95,3.3
Bridlington,GB,54.08,-0.19,1553719558,66,75,10.0,3.6
Camotan,GT,14.82,-89.37,1553719789,47,8,26.05,2.9
Santa Cruz,US,36.97,-122.03,1553719743,87,90,17.78,6.7
Hualmay,PE,-11.1,-77.61,1553719791,71,36,24.25,2.1
